[
  {
    "ProtocolName": "test2",
    "ProtocolPoints": "test2"
  },
  {
    "ProtocolName": "test2",
    "ProtocolPoints": "test2"
  },
  {
    "ProtocolName": "test2",
    "ProtocolPoints": "test2"
  },
  {
    "ProtocolName": "z",
    "ProtocolPoints": ""
  },
  {
    "ProtocolName": "e",
    "ProtocolPoints": ""
  },
  {
    "ProtocolName": "t",
    "ProtocolPoints": ""
  },
  {
    "ProtocolName": "t",
    "ProtocolPoints": ""
  },
  {
    "ProtocolName": "t",
    "ProtocolPoints": ""
  },
  {
    "ProtocolName": "r",
    "ProtocolPoints": ""
  },
  {
    "ProtocolName": "test",
    "ProtocolPoints": "test"
  },
  {
    "ProtocolName": "\u0627\u0647\u0644\u0627 \u0648\u0633\u0647\u0644\u0627",
    "ProtocolPoints": "\u0648\u0633\u0647\u0644\u0627\r\n\r\n\u0627\u0647\u0644\u0627 \u0648\u0633\u0647\u0644\u0627 \u062C\u062F\u0627\u064B\r\n\r\n\u0628\u064A\u0644\u064A"
  },
  {
    "ProtocolName": "\u0627\u0647\u0644\u0627",
    "ProtocolPoints": "\u0648\u0633\u0647\u0644\u0627"
  },
  {
    "ProtocolName": "\u0627\u0644\u0632\u0639\u0644",
    "ProtocolPoints": "\u0647\u0644\u0627 \u0648\u0633\u0647\u0644\u0627 ssda"
  },
  {
    "ProtocolName": "987",
    "ProtocolPoints": ""
  },
  {
    "ProtocolName": "safsad",
    "ProtocolPoints": "fewedsfsdf"
  },
  {
    "ProtocolName": "fewaf",
    "ProtocolPoints": "asfad"
  },
  {
    "ProtocolName": "tes",
    "ProtocolPoints": "fsad"
  }
]